{
  "questions": [
    {
      "question": "Quel est l'animal le plus rapide ?",
      "choices": ["Tortue", "Lievre", "Guepard", "Souris"],
      "correct_choice": 2
    },
    {
      "question": "Combien de jours y a-t-il dans une annee bissextile ?",
      "choices": ["365", "366", "364", "360"],
      "correct_choice": 1
    },
    {
      "question": "Quel est le plus grand ocean du monde ?",
      "choices": ["Atlantique", "Indien", "Arctique", "Pacifique"],
      "correct_choice": 3
    },
    {
      "question": "Quelle planete est surnommee la planete rouge ?",
      "choices": ["Mercure", "Terre", "Mars", "Jupiter"],
      "correct_choice": 2
    },
    {
      "question": "Combien de cotes a un hexagone ?",
      "choices": ["5", "6", "7", "8"],
      "correct_choice": 1
    },
    {
      "question": "Quel est le symbole chimique de l'eau ?",
      "choices": ["O", "H", "H2O", "HO"],
      "correct_choice": 2
    },
    {
      "question": "Qui a peint la Joconde ?",
      "choices": ["Picasso", "Van Gogh", "Monet", "Leonard de Vinci"],
      "correct_choice": 3
    },
    {
      "question": "Quel est le plus grand pays du monde ?",
      "choices": ["Chine", "Etats-Unis", "Canada", "Russie"],
      "correct_choice": 3
    },
    {
      "question": "Combien de lettres dans le mot \"programmation\" ?",
      "choices": ["12", "13", "14", "15"],
      "correct_choice": 2
    },
    {
      "question": "Quel est le resultat de 9 x 8 ?",
      "choices": ["72", "81", "63", "88"],
      "correct_choice": 0
    }
  ]
}
